"Timestamp","Are you filling in this survey based on yourself taking daily medication or based on helping someone else take their medication? If both, please fill out survey multiple times.","Age...","Occupation...","How often do you have to put in a prescription?","How many different types of medication do you take per day?","How often do you take medication each day?","Are these repeat prescriptions?","In what form are your medications? (Select all that apply)","Do you often forget to take your medications?","Do you often forget to reorder your medication before running out?","Do you currently use any of the following? (Select all that apply)","Is the required dose of medication often forgotten?","Would you be interested in using an app that could order the regular medication and get it delivered to home?","Would you be willing to pay an initial fee for the usage of a smart container & app?","If an app was to be developed, which of the following functions/features would you like to be implemented? (Select multiple if required)"
"2018/10/22 8:35:38 AM GMT","Myself","Over 65","Part Time Employment","Every two weeks","4-8","Twice","Yes","Tablets","Sometimes","Yes","Over the phone appointment","No","Yes","Yes","GP appointment booking system;Automatic ordering system for repeat prescriptions"
"2018/10/22 8:37:24 AM GMT","Myself","25-34","Student","Every two months","1-3","Once","Yes","Tablets","Yes","Yes","App for ordering repeat prescriptions;Standard reorder via GP appointment","No","Yes","Yes","Medical History;GP appointment booking system;Automatic ordering system for repeat prescriptions;Controlled quantity system"
"2018/10/22 8:57:15 AM GMT","Myself","Over 65","Retired","Once a month","More than 11","Four times","Yes","Tablets;Supplies (eg. Needles, Pads, Dressings, Tubes)","Sometimes","No","Standard reorder via GP appointment","No","No","Maybe","Medical History;GP appointment booking system;Automatic ordering system for repeat prescriptions"
"2018/10/22 9:12:20 AM GMT","Someone Else","18-24","Student","Every three months","4-8","Three times","Yes","Tablets","Sometimes","Sometimes","Other","Sometimes","Maybe","No","Medical History;Automatic ordering system for repeat prescriptions;Photos/symbols of each medication;Controlled quantity system"
"2018/10/22 9:37:44 AM GMT","Myself","25-34","Unable to Work","Every week","9-11","Four times","Yes","Tablets;Liquid;Supplies (eg. Needles, Pads, Dressings, Tubes);Other","Sometimes","Sometimes","Other","Sometimes","Yes","Maybe","Medical History;Automatic ordering system for repeat prescriptions;Photos/symbols of each medication;Other"
"2018/10/22 11:40:56 AM GMT","Myself","25-34","Full Time Employment","Every two months","1-3","Once","Yes","Tablets","Sometimes","Sometimes","Other","Yes","Yes","Yes","GP appointment booking system;Automatic ordering system for repeat prescriptions"
"2018/10/22 12:03:37 PM GMT","Myself","18-24","Student","Once a month","1-3","Twice","Yes","Tablets;Other","Sometimes","Sometimes","Text service for ordering repeat prescriptions","No","Yes","No","Automatic ordering system for repeat prescriptions"
"2018/10/22 12:05:45 PM GMT","Myself","18-24","Student","Once a month","1-3","Once","No","Powder","Sometimes","Yes","Over the phone appointment","No","Yes","Maybe","Medical History;GP appointment booking system;Automatic ordering system for repeat prescriptions;Controlled quantity system"
"2018/10/22 1:12:50 PM GMT","Myself","18-24","Student","Other","1-3","Once","Yes","Tablets","Yes","Yes","Other","No","Yes","Maybe","Medical History;GP appointment booking system;Automatic ordering system for repeat prescriptions;Photos/symbols of each medication;Controlled quantity system"
"2018/10/22 1:35:49 PM GMT","Someone Else","18-24","Student","Every two weeks","1-3","Once","Yes","Tablets","No","Yes","Standard reorder via GP appointment","No","Maybe","Maybe","GP appointment booking system;Photos/symbols of each medication"
"2018/10/22 2:09:56 PM GMT","Myself","18-24","Full Time Employment","Once a month","1-3","Twice","Yes","Other","No","Yes","Other","Yes","Yes","Yes","Automatic ordering system for repeat prescriptions"
"2018/10/22 2:25:04 PM GMT","Myself","18-24","Full Time Employment","Less than once every six months","1-3","Once","No","Tablets","Sometimes","Yes","Standard reorder via GP appointment","No","Yes","Yes","GP appointment booking system;Automatic ordering system for repeat prescriptions;Photos/symbols of each medication;Controlled quantity system"
"2018/10/22 2:49:21 PM GMT","Myself","25-34","Full Time Employment","Once a month","1-3","Once","Yes","Tablets","No","Yes","Over the phone appointment","No","Yes","Yes","GP appointment booking system;Automatic ordering system for repeat prescriptions"
"2018/10/22 3:02:57 PM GMT","Myself","Under 18","Retired","Every week","More than 11","More than four times","Yes","Tablets;Liquid;Food (eg. Gluten Free);Supplies (eg. Needles, Pads, Dressings, Tubes);Powder;Feed liquid (tube fed)","Yes","No","App for ordering repeat prescriptions;Text service for ordering repeat prescriptions;Standard reorder via GP appointment;Over the phone appointment","Sometimes","Yes","No","Medical History;GP appointment booking system;Automatic ordering system for repeat prescriptions;Photos/symbols of each medication;Controlled quantity system"
"2018/10/22 3:03:51 PM GMT","Myself","18-24","Student","Every three months","1-3","Once","Yes","Tablets","No","Yes","Standard reorder via GP appointment","Yes","Yes","Maybe","Medical History;GP appointment booking system;Automatic ordering system for repeat prescriptions"
"2018/10/22 3:10:14 PM GMT","Myself","18-24","Full Time Employment","Less than once every six months","1-3","Once","Yes","Tablets","Sometimes","Yes","Other","No","Yes","Yes","GP appointment booking system;Automatic ordering system for repeat prescriptions;Photos/symbols of each medication"
"2018/10/22 4:25:17 PM GMT","Myself","18-24","Full Time Employment","Every three months","1-3","Once","Yes","Tablets","Yes","Yes","Standard reorder via GP appointment","Yes","Yes","Maybe","GP appointment booking system;Automatic ordering system for repeat prescriptions"
"2018/10/22 5:48:57 PM GMT","Myself","18-24","Full Time Employment","Once a month","1-3","Twice","No","Tablets","Yes","Yes","Standard reorder via GP appointment","Sometimes","Yes","Maybe","Medical History;GP appointment booking system;Automatic ordering system for repeat prescriptions;Photos/symbols of each medication;Controlled quantity system"
"2018/10/22 8:54:25 PM GMT","Myself","18-24","Student","Less than once every six months","1-3","Once","Yes","Tablets","No","No","Standard reorder via GP appointment","No","Yes","Maybe","GP appointment booking system;Automatic ordering system for repeat prescriptions;Photos/symbols of each medication"
"2018/10/22 9:46:34 PM GMT","Myself","18-24","Full Time Employment","Every two months","1-3","Once","Yes","Tablets;Supplies (eg. Needles, Pads, Dressings, Tubes)","No","Yes","Standard reorder via GP appointment;Over the phone appointment","Sometimes","Yes","No","Medical History;GP appointment booking system;Automatic ordering system for repeat prescriptions"
"2018/10/22 9:54:08 PM GMT","Myself","Under 18","Student","Every two weeks","9-11","More than four times","Yes","Tablets;Liquid;Supplies (eg. Needles, Pads, Dressings, Tubes)","Yes","Yes","Other","No","Yes","Yes","Medical History;GP appointment booking system;Automatic ordering system for repeat prescriptions;Photos/symbols of each medication;Controlled quantity system"
"2018/10/22 9:58:32 PM GMT","Myself","18-24","Student","Once a month","1-3","Once","Yes","Tablets","Yes","Yes","Standard reorder via GP appointment","Yes","Yes","Yes","GP appointment booking system;Automatic ordering system for repeat prescriptions"
"2018/10/22 11:50:29 PM GMT","Myself","18-24","Student","Once a month","1-3","Once","Yes","Tablets","Sometimes","Yes","Text service for ordering repeat prescriptions","No","Yes","Maybe","GP appointment booking system;Automatic ordering system for repeat prescriptions;Controlled quantity system"
"2018/10/23 12:04:44 AM GMT","Myself","18-24","Student","Once a month","1-3","Once","Yes","Tablets;Other","Sometimes","Yes","Other","Yes","Yes","Maybe","Medical History;GP appointment booking system;Automatic ordering system for repeat prescriptions;Controlled quantity system"
"2018/10/23 12:18:43 AM GMT","Myself","18-24","Student","Once a month","1-3","Once","Yes","Tablets","Sometimes","Yes","Standard reorder via GP appointment","No","Yes","Yes","Medical History;GP appointment booking system;Automatic ordering system for repeat prescriptions;Photos/symbols of each medication;Controlled quantity system"
"2018/10/23 2:38:04 AM GMT","Myself","18-24","Student","Every two weeks","4-8","Twice","Yes","Tablets","Sometimes","Yes","Other","No","Yes","Maybe","Medical History;Automatic ordering system for repeat prescriptions;Photos/symbols of each medication"
"2018/10/23 6:54:05 AM GMT","Myself","18-24","Student","Every two weeks","4-8","Three times","Yes","Tablets;Supplies (eg. Needles, Pads, Dressings, Tubes)","Sometimes","Sometimes","App for ordering repeat prescriptions","No","Maybe","Yes","Automatic ordering system for repeat prescriptions;Photos/symbols of each medication;Controlled quantity system"
"2018/10/24 9:39:48 PM GMT","Myself","25-34","Full Time Employment","Once a month","1-3","Twice","No","Tablets","Yes","Sometimes","Standard reorder via GP appointment","No","Maybe","No","GP appointment booking system;Automatic ordering system for repeat prescriptions"
"2018/10/28 7:42:35 AM GMT","Myself","45-54","Full Time Employment","Every two weeks","4-8","Three times","Yes","Tablets;Supplies (eg. Needles, Pads, Dressings, Tubes);Powder","Sometimes","Sometimes","Text service for ordering repeat prescriptions;Standard reorder via GP appointment","Sometimes","Yes","Maybe","Medical History;GP appointment booking system;Automatic ordering system for repeat prescriptions;Controlled quantity system"
"2018/10/29 6:37:33 PM GMT","Myself","18-24","Full Time Employment","Every two months","1-3","Twice","Yes","Tablets","No","Yes","Other","No","Yes","Yes","GP appointment booking system;Automatic ordering system for repeat prescriptions"
"2018/10/29 8:37:02 PM GMT","Someone Else","35-44","Full Time Employment","Once a month","1-3","Once","Yes","Tablets;Food (eg. Gluten Free)","Yes","Yes","Standard reorder via GP appointment","Yes","Yes","Yes","Automatic ordering system for repeat prescriptions;Photos/symbols of each medication;Controlled quantity system"
"2018/10/29 8:41:47 PM GMT","Myself","45-54","Full Time Employment","Every two months","1-3","Once","Yes","Tablets","No","No","Other","No","Yes","Maybe","Medical History;GP appointment booking system;Automatic ordering system for repeat prescriptions;Photos/symbols of each medication;Controlled quantity system"
"2018/10/29 8:52:47 PM GMT","Someone Else","Under 18","Student","Less than once every six months","1-3","Once","Yes","Tablets","Yes","Yes","Standard reorder via GP appointment","No","Yes","Maybe","Medical History;GP appointment booking system;Automatic ordering system for repeat prescriptions;Photos/symbols of each medication;Controlled quantity system"
"2018/10/29 8:56:10 PM GMT","Myself","18-24","Full Time Employment","Once a month","1-3","Once","Yes","Tablets","Yes","Yes","App for ordering repeat prescriptions","Yes","Yes","Yes","Medical History"
"2018/10/29 9:01:47 PM GMT","Myself","55-64","Full Time Employment","Once a month","4-8","Once","Yes","Tablets","Sometimes","Yes","Other","No","Maybe","No","GP appointment booking system;Automatic ordering system for repeat prescriptions;Controlled quantity system"
"2018/10/29 9:05:38 PM GMT","Myself","18-24","Full Time Employment","Every three months","1-3","Once","Yes","Tablets","No","No","Standard reorder via GP appointment;Over the phone appointment","No","Maybe","No","GP appointment booking system"
"2018/10/29 9:10:03 PM GMT","Myself","18-24","Full Time Employment","Every three months","1-3","Twice","Yes","Tablets","Sometimes","Yes","Standard reorder via GP appointment","No","Yes","Maybe","GP appointment booking system;Automatic ordering system for repeat prescriptions;Photos/symbols of each medication;Controlled quantity system"
"2018/10/29 9:37:32 PM GMT","Myself","18-24","Full Time Employment","Less than once every six months","1-3","Once","No","Tablets","Yes","No","Standard reorder via GP appointment","No","Maybe","Maybe","GP appointment booking system;Automatic ordering system for repeat prescriptions"
"2018/10/29 10:26:22 PM GMT","Someone Else","18-24","Full Time Employment","Every three months","1-3","Once","Yes","Tablets","No","Yes","Standard reorder via GP appointment","Yes","Maybe","No","Medical History;GP appointment booking system;Automatic ordering system for repeat prescriptions;Photos/symbols of each medication;Controlled quantity system"
"2018/10/29 10:36:52 PM GMT","Myself","18-24","Full Time Employment","Other","1-3","Once","Yes","Tablets","No","No","App for ordering repeat prescriptions","No","Yes","No","Medical History;GP appointment booking system;Automatic ordering system for repeat prescriptions;Photos/symbols of each medication"
"2018/10/30 6:07:51 AM GMT","Myself","45-54","Full Time Employment","Every two months","1-3","Once","Yes","Tablets","No","Yes","Text service for ordering repeat prescriptions","No","Yes","Maybe","Automatic ordering system for repeat prescriptions"
"2018/10/30 7:14:29 AM GMT","Myself","55-64","Part Time Employment","Every three months","1-3","Once","Yes","Tablets","No","No","Text service for ordering repeat prescriptions","No","No","No","GP appointment booking system"
"2018/10/30 7:52:48 AM GMT","Myself","25-34","Part Time Employment","Every two weeks","4-8","Three times","Yes","Tablets;Liquid;Supplies (eg. Needles, Pads, Dressings, Tubes)","No","No","App for ordering repeat prescriptions","No","No","No","Automatic ordering system for repeat prescriptions;Photos/symbols of each medication"
"2018/10/30 8:13:01 AM GMT","Someone Else","18-24","Student","Once a month","1-3","Once","Yes","Tablets","Sometimes","Sometimes","Standard reorder via GP appointment","No","Yes","Yes","Medical History;GP appointment booking system;Automatic ordering system for repeat prescriptions;Controlled quantity system"
"2018/10/30 8:48:22 AM GMT","Myself","55-64","Part Time Employment","Every two months","1-3","Twice","Yes","Tablets","Sometimes","Sometimes","Other","Yes","Yes","Maybe","GP appointment booking system;Automatic ordering system for repeat prescriptions"
"2018/10/30 9:54:59 PM GMT","Someone Else","45-54","Full Time Employment","Every two months","1-3","Twice","Yes","Tablets","Sometimes","Sometimes","Standard reorder via GP appointment","Sometimes","Yes","Yes","GP appointment booking system;Automatic ordering system for repeat prescriptions;Photos/symbols of each medication;Controlled quantity system"
"2018/11/01 7:18:36 AM GMT","Myself","Over 65","Retired","Every two months","4-8","Twice","Yes","Tablets","No","No","Other","No","Yes","Maybe","Medical History;Automatic ordering system for repeat prescriptions;Controlled quantity system"
"2018/11/01 10:16:53 AM GMT","Someone Else","25-34","Full Time Employment","Every week","1-3","Once","Yes","Tablets;Liquid","No","No","Standard reorder via GP appointment","No","Yes","No","GP appointment booking system;Automatic ordering system for repeat prescriptions"
"2018/11/01 10:19:25 AM GMT","Myself","25-34","Full Time Employment","Less than once every six months","1-3","Once","Yes","Tablets","Yes","Sometimes","Standard reorder via GP appointment","Yes","Yes","No","GP appointment booking system;Automatic ordering system for repeat prescriptions"
"2018/11/04 1:28:23 PM GMT","Myself","Over 65","Retired","Once a month","4-8","Twice","Yes","Tablets","No","No","Standard reorder via GP appointment","No","No","No","GP appointment booking system;Automatic ordering system for repeat prescriptions"
"2018/11/05 9:29:06 AM GMT","Myself","45-54","Full Time Employment","Every two months","1-3","Once","Yes","Tablets","Yes","No","Other","No","Yes","Maybe","Medical History;GP appointment booking system;Automatic ordering system for repeat prescriptions"
"2018/11/05 9:37:23 AM GMT","Myself","25-34","Other","Once a month","4-8","Twice","Yes","Tablets","No","No","Other","No","No","Maybe","Medical History;GP appointment booking system;Automatic ordering system for repeat prescriptions"
"2018/11/05 9:57:54 AM GMT","Someone Else","Over 65","Retired","Every week","4-8","Once","Yes","Tablets","No","Sometimes","Other","No","No","No","GP appointment booking system"
"2018/11/05 9:58:51 AM GMT","Myself","25-34","Unable to Work","Once a month","9-11","Four times","Yes","Tablets","Yes","Sometimes","Standard reorder via GP appointment","No","Yes","Yes","Medical History;GP appointment booking system;Automatic ordering system for repeat prescriptions;Photos/symbols of each medication"
"2018/11/05 11:35:33 AM GMT","Someone Else","45-54","Part Time Employment","Once a month","1-3","Twice","Yes","Tablets","Sometimes","Sometimes","Standard reorder via GP appointment","No","Yes","Yes","Automatic ordering system for repeat prescriptions;Photos/symbols of each medication"
"2018/11/05 12:30:31 PM GMT","Myself","18-24","Student","Every two months","1-3","Twice","Yes","Tablets","Yes","Yes","Other","No","Yes","Yes","Medical History;GP appointment booking system;Automatic ordering system for repeat prescriptions;Photos/symbols of each medication"
"2018/11/06 9:47:52 AM GMT","Someone Else","18-24","Student","Once a month","4-8","Three times","Yes","Tablets","Sometimes","Sometimes","Over the phone appointment","No","Yes","Maybe","Medical History;GP appointment booking system;Automatic ordering system for repeat prescriptions;Photos/symbols of each medication;Controlled quantity system"
"2018/11/06 12:41:40 PM GMT","Someone Else","18-24","Full Time Employment","Other","1-3","Twice","Yes","Tablets","No","Sometimes","Standard reorder via GP appointment","Sometimes","Yes","Yes","Medical History;GP appointment booking system;Automatic ordering system for repeat prescriptions;Photos/symbols of each medication;Controlled quantity system"
"2018/11/08 4:27:48 PM GMT","Myself","25-34","Student","Less than once every six months","1-3","Once","Yes","Tablets;Other","Yes","Yes","Standard reorder via GP appointment","Sometimes","Yes","No","Medical History;GP appointment booking system;Automatic ordering system for repeat prescriptions;Photos/symbols of each medication;Controlled quantity system"
"2018/11/12 11:57:22 AM GMT","Myself","25-34","Student","Once a month","1-3","Once","Yes","Tablets;Powder","Sometimes","Yes","App for ordering repeat prescriptions","No","Yes","Yes","Medical History;GP appointment booking system;Automatic ordering system for repeat prescriptions;Photos/symbols of each medication;Controlled quantity system;Other"
"2019/06/20 9:15:01 PM GMT","Myself","Over 65","Retired","Once a month","More than 11","Four times","Yes","Tablets","No","No","Other","No","Maybe","Maybe","Other"